emission energy,singlet,doublet,triplet,quartet,quintet
7036,0.008916,0.00912,0.0086497,0.0093254,0.0096371
7036.1,0.0090266,0.0092208,0.0087755,0.0095715,0.0097408
7036.2,0.0091632,0.0093087,0.0089709,0.0098884,0.0098446
7036.3,0.0092997,0.009395,0.0091672,0.010188,0.0099483
7036.4,0.0094389,0.0095217,0.0093658,0.010366,0.010051
7036.5,0.0095811,0.0096961,0.0095652,0.010439,0.010152
7036.6,0.009724,0.0098775,0.009738,0.010532,0.010254
7036.7,0.0098655,0.010193,0.0098832,0.010732,0.010364
7036.8,0.010003,0.010527,0.010028,0.010937,0.010495
7036.9,0.010137,0.010726,0.010172,0.011169,0.010625
7037,0.010272,0.01077,0.010316,0.011424,0.010756
7037.1,0.010399,0.010799,0.010541,0.011683,0.010848
7037.2,0.010522,0.011018,0.01085,0.011954,0.01094
7037.3,0.010644,0.011263,0.0111,0.012217,0.011031
7037.4,0.010775,0.011422,0.011226,0.012418,0.011198
7037.5,0.010915,0.01148,0.011287,0.012565,0.011396
7037.6,0.011057,0.011525,0.01144,0.012721,0.011595
7037.7,0.011202,0.011916,0.011692,0.012925,0.011854
7037.8,0.011352,0.012356,0.011924,0.013133,0.012257
7037.9,0.011506,0.012761,0.012113,0.013359,0.01266
7038,0.01166,0.013125,0.012279,0.013602,0.013063
7038.1,0.011775,0.013484,0.012444,0.013843,0.013405
7038.2,0.011865,0.013581,0.012606,0.014069,0.013747
7038.3,0.011954,0.013643,0.012805,0.0143,0.014089
7038.4,0.01207,0.01375,0.01308,0.01457,0.014412
7038.5,0.012222,0.01391,0.013395,0.014874,0.014722
7038.6,0.012385,0.01408,0.013699,0.01515,0.015032
7038.7,0.012558,0.014436,0.013991,0.015282,0.01532
7038.8,0.012751,0.014817,0.014241,0.015418,0.015574
7038.9,0.012954,0.015042,0.014405,0.015575,0.015828
7039,0.013156,0.015095,0.014526,0.01575,0.016082
7039.1,0.013377,0.015128,0.014746,0.015895,0.016337
7039.2,0.01361,0.015254,0.015071,0.015865,0.016592
7039.3,0.013843,0.015395,0.015383,0.015864,0.016847
7039.4,0.014071,0.015464,0.015669,0.016077,0.01712
7039.5,0.014294,0.015456,0.015941,0.016467,0.0174
7039.6,0.014514,0.015439,0.016204,0.016871,0.017681
7039.7,0.014747,0.01561,0.016458,0.017361,0.017984
7039.8,0.015015,0.015807,0.016775,0.017821,0.018338
7039.9,0.015302,0.016108,0.017219,0.018076,0.018693
7040,0.01559,0.016525,0.017727,0.018155,0.019048
7040.1,0.015833,0.016956,0.017966,0.018296,0.019372
7040.2,0.016047,0.017329,0.017924,0.01878,0.019697
7040.3,0.016261,0.017694,0.017972,0.019266,0.020022
7040.4,0.01648,0.017965,0.018203,0.019755,0.020322
7040.5,0.016703,0.018133,0.018526,0.020248,0.020612
7040.6,0.016927,0.018293,0.018883,0.020701,0.020902
7040.7,0.017155,0.018729,0.019274,0.020934,0.021275
7040.8,0.017391,0.019202,0.019649,0.021198,0.021841
7040.9,0.017632,0.019512,0.019988,0.021672,0.022408
7041,0.017873,0.019642,0.020309,0.022321,0.022975
7041.1,0.018116,0.01975,0.020558,0.022923,0.023667
7041.2,0.01836,0.020117,0.020732,0.02325,0.02436
7041.3,0.018604,0.020517,0.02091,0.023604,0.025052
7041.4,0.018851,0.020897,0.021097,0.024137,0.025657
7041.5,0.019102,0.02125,0.021289,0.024829,0.026203
7041.6,0.019355,0.021604,0.021652,0.025421,0.02675
7041.7,0.019601,0.022181,0.022192,0.025471,0.027283
7041.8,0.01983,0.022788,0.022645,0.025564,0.027787
7041.9,0.020049,0.023106,0.022918,0.025948,0.028291
7042,0.020268,0.02309,0.023098,0.026583,0.028795
7042.1,0.020516,0.023036,0.023246,0.027186,0.029226
7042.2,0.020782,0.023247,0.023363,0.027604,0.029658
7042.3,0.021049,0.023493,0.023515,0.02806,0.030089
7042.4,0.021296,0.023736,0.023741,0.028769,0.030613
7042.5,0.02152,0.023973,0.024007,0.029704,0.031176
7042.6,0.021738,0.024211,0.024331,0.030528,0.031738
7042.7,0.021956,0.024481,0.024718,0.030712,0.032375
7042.8,0.022169,0.024756,0.025056,0.030914,0.033185
7042.9,0.022381,0.025,0.025291,0.031289,0.033994
7043,0.022592,0.025207,0.025473,0.031814,0.034804
7043.1,0.022848,0.02541,0.025829,0.032307,0.035543
7043.2,0.023132,0.025821,0.02637,0.032622,0.036283
7043.3,0.023417,0.02626,0.026838,0.03297,0.037022
7043.4,0.023716,0.0269,0.027156,0.033537,0.037613
7043.5,0.024031,0.027771,0.027395,0.034293,0.038141
7043.6,0.024349,0.02867,0.02764,0.035028,0.038668
7043.7,0.024668,0.028471,0.027892,0.035637,0.039215
7043.8,0.024984,0.028115,0.028146,0.036217,0.039808
7043.9,0.0253,0.028106,0.028404,0.036606,0.040401
7044,0.025615,0.028512,0.028665,0.036824,0.040994
7044.1,0.025948,0.028966,0.028928,0.037027,0.041504
7044.2,0.026293,0.029122,0.029193,0.037149,0.042015
7044.3,0.026638,0.029239,0.029633,0.037318,0.042525
7044.4,0.027001,0.029516,0.030436,0.037808,0.043087
7044.5,0.027384,0.029982,0.031426,0.038581,0.04367
7044.6,0.027772,0.030468,0.032064,0.039261,0.044253
7044.7,0.028138,0.030731,0.032334,0.039435,0.044765
7044.8,0.028439,0.030965,0.032643,0.039656,0.045109
7044.9,0.028706,0.031096,0.033032,0.040201,0.045452
7045,0.028973,0.031106,0.033463,0.041036,0.045796
7045.1,0.029254,0.0311,0.033873,0.041776,0.046108
7045.2,0.029546,0.031975,0.03426,0.041966,0.04642
7045.3,0.029837,0.032968,0.034659,0.042157,0.046731
7045.4,0.030158,0.033415,0.035082,0.042347,0.04701
7045.5,0.03051,0.033257,0.035514,0.042536,0.047275
7045.6,0.030871,0.033031,0.035646,0.042731,0.04754
7045.7,0.031217,0.033101,0.035466,0.042955,0.047687
7045.8,0.031519,0.03321,0.035372,0.043157,0.04756
7045.9,0.031797,0.03353,0.035449,0.043214,0.047433
7046,0.032075,0.034081,0.035613,0.043151,0.047305
7046.1,0.032419,0.034655,0.035928,0.043118,0.047177
7046.2,0.032806,0.03437,0.036401,0.043255,0.047048
7046.3,0.033194,0.033971,0.036794,0.043372,0.046919
7046.4,0.03355,0.034004,0.037022,0.043356,0.046844
7046.5,0.03387,0.034528,0.037166,0.043227,0.046793
7046.6,0.03418,0.035109,0.037312,0.043098,0.046742
7046.7,0.034465,0.035468,0.037462,0.042972,0.046613
7046.8,0.034675,0.035797,0.037606,0.042836,0.046301
7046.9,0.034845,0.035858,0.037737,0.042628,0.04599
7047,0.035014,0.035631,0.037861,0.042363,0.045679
7047.1,0.035287,0.03537,0.038048,0.042105,0.045675
7047.2,0.035632,0.035872,0.0383,0.041898,0.045672
7047.3,0.035976,0.036476,0.038625,0.041678,0.045668
7047.4,0.036346,0.03677,0.039105,0.041375,0.045414
7047.5,0.036746,0.036694,0.039667,0.040998,0.045053
7047.6,0.037154,0.036573,0.039843,0.04074,0.044692
7047.7,0.037567,0.037214,0.039612,0.041162,0.044376
7047.8,0.038,0.037959,0.039576,0.041542,0.044166
7047.9,0.038442,0.038278,0.03994,0.041627,0.043957
7048,0.038885,0.03813,0.040499,0.041466,0.043747
7048.1,0.039389,0.037934,0.040715,0.041202,0.043585
7048.2,0.039935,0.038135,0.040576,0.040396,0.043422
7048.3,0.040481,0.038389,0.040552,0.039709,0.04326
7048.4,0.040983,0.038758,0.040773,0.039828,0.043145
7048.5,0.041437,0.039266,0.041123,0.040669,0.04305
7048.6,0.041877,0.039791,0.041406,0.041315,0.042954
7048.7,0.042313,0.03974,0.041617,0.040833,0.042864
7048.8,0.042737,0.039603,0.041867,0.040355,0.04278
7048.9,0.043157,0.039779,0.0422,0.040022,0.042697
7049,0.043576,0.040329,0.042577,0.03982,0.042614
7049.1,0.044015,0.04092,0.043008,0.039727,0.042499
7049.2,0.044467,0.041277,0.043494,0.040212,0.042385
7049.3,0.04492,0.041604,0.043908,0.04069,0.04227
7049.4,0.045374,0.041911,0.044175,0.041123,0.042197
7049.5,0.045829,0.042196,0.044368,0.041517,0.042142
7049.6,0.046285,0.042479,0.044656,0.041862,0.042086
7049.7,0.046742,0.042282,0.045044,0.041922,0.042047
7049.8,0.047202,0.042019,0.045393,0.041953,0.042047
7049.9,0.047663,0.042265,0.045665,0.041794,0.042047
7050,0.048124,0.043058,0.045897,0.041482,0.042047
7050.1,0.048513,0.043915,0.046173,0.041238,0.041942
7050.2,0.048852,0.04391,0.046492,0.041392,0.041837
7050.3,0.049192,0.043791,0.046761,0.041546,0.041732
7050.4,0.0496,0.044367,0.046927,0.041705,0.041682
7050.5,0.050084,0.04569,0.047043,0.041869,0.041654
7050.6,0.050588,0.047099,0.047291,0.04202,0.041626
7050.7,0.051093,0.046681,0.047679,0.042089,0.041635
7050.8,0.051596,0.046001,0.04812,0.042177,0.041731
7050.9,0.0521,0.046057,0.048665,0.042394,0.041826
7051,0.052603,0.046948,0.049263,0.042722,0.041921
7051.1,0.053074,0.047935,0.049857,0.043109,0.042005
7051.2,0.053523,0.048347,0.050449,0.043831,0.042088
7051.3,0.053971,0.048684,0.051063,0.044543,0.042171
7051.4,0.054454,0.049279,0.051724,0.045194,0.042302
7051.5,0.054984,0.050155,0.052408,0.045794,0.042464
7051.6,0.05553,0.051059,0.053016,0.046378,0.042626
7051.7,0.056063,0.051364,0.053544,0.046875,0.042823
7051.8,0.056556,0.051591,0.054197,0.047354,0.043099
7051.9,0.057028,0.051707,0.055102,0.047711,0.043376
7052,0.0575,0.051702,0.056135,0.047964,0.043652
7052.1,0.05789,0.051682,0.057146,0.048272,0.043948
7052.2,0.058222,0.052623,0.058135,0.048886,0.044244
7052.3,0.058555,0.053691,0.059155,0.049454,0.044539
7052.4,0.058946,0.054752,0.060242,0.049702,0.044952
7052.5,0.059401,0.055803,0.06136,0.049672,0.045415
7052.6,0.059874,0.056849,0.062197,0.049921,0.045878
7052.7,0.060346,0.057702,0.062745,0.05165,0.046388
7052.8,0.060817,0.058529,0.063469,0.053278,0.047007
7052.9,0.061288,0.059372,0.064553,0.054231,0.047627
7053,0.061758,0.060233,0.065822,0.054608,0.048247
7053.1,0.062332,0.061096,0.067077,0.055127,0.049029
7053.2,0.062977,0.062184,0.068316,0.056462,0.049811
7053.3,0.063621,0.063305,0.069472,0.057802,0.050593
7053.4,0.064339,0.064049,0.070458,0.059062,0.051528
7053.5,0.065139,0.064355,0.071353,0.060251,0.052528
7053.6,0.06596,0.064624,0.072051,0.061347,0.053527
7053.7,0.066816,0.066306,0.072545,0.061934,0.05463
7053.8,0.067775,0.068176,0.073287,0.062613,0.055975
7053.9,0.06879,0.069567,0.07452,0.063902,0.05732
7054,0.069806,0.07045,0.075995,0.065677,0.058665
7054.1,0.071001,0.071275,0.077373,0.067318,0.059925
7054.2,0.07232,0.073098,0.078647,0.068193,0.061184
7054.3,0.07364,0.075063,0.079972,0.069067,0.062444
7054.4,0.075308,0.076873,0.081408,0.069981,0.063843
7054.5,0.077449,0.078498,0.082901,0.07093,0.065334
7054.6,0.07975,0.080102,0.084583,0.071973,0.066825
7054.7,0.08215,0.082258,0.086467,0.073558,0.068366
7054.8,0.084849,0.084494,0.088315,0.075185,0.070022
7054.9,0.087706,0.086966,0.090081,0.077067,0.071679
7055,0.090564,0.089719,0.091804,0.079176,0.073335
7055.1,0.094051,0.092485,0.093539,0.081257,0.075233
7055.2,0.097969,0.094182,0.095284,0.083193,0.077131
7055.3,0.10189,0.095738,0.097068,0.085169,0.079028
7055.4,0.10589,0.098423,0.098929,0.087414,0.081077
7055.5,0.11,0.10234,0.10083,0.089881,0.08319
7055.6,0.11413,0.10641,0.10319,0.092356,0.085303
7055.7,0.11852,0.10986,0.10604,0.094874,0.087553
7055.8,0.12368,0.11323,0.1091,0.097428,0.090124
7055.9,0.12925,0.11753,0.11259,0.10022,0.092695
7056,0.13483,0.12299,0.11632,0.10324,0.095265
7056.1,0.14113,0.12858,0.11945,0.10621,0.098251
7056.2,0.14794,0.13291,0.12193,0.10887,0.10124
7056.3,0.15475,0.13707,0.12481,0.11156,0.10422
7056.4,0.16229,0.14194,0.12846,0.11436,0.10759
7056.5,0.17067,0.14755,0.13249,0.11724,0.11113
7056.6,0.17926,0.15325,0.13662,0.12025,0.11467
7056.7,0.1879,0.15975,0.14083,0.12397,0.11845
7056.8,0.19667,0.16636,0.14503,0.12777,0.12261
7056.9,0.20549,0.17262,0.14921,0.13207,0.12676
7057,0.21432,0.17846,0.15337,0.1368,0.13092
7057.1,0.22315,0.18428,0.15767,0.14157,0.13541
7057.2,0.23199,0.19113,0.16212,0.14661,0.1399
7057.3,0.24084,0.19812,0.16663,0.15165,0.1444
7057.4,0.2489,0.20508,0.17128,0.15668,0.14871
7057.5,0.2561,0.212,0.176,0.16171,0.15294
7057.6,0.26307,0.21892,0.18136,0.16672,0.15717
7057.7,0.26953,0.22565,0.1874,0.17172,0.16144
7057.8,0.27448,0.23236,0.19307,0.17673,0.16582
7057.9,0.27861,0.23744,0.19801,0.1818,0.17019
7058,0.28275,0.24075,0.20259,0.18693,0.17456
7058.1,0.28451,0.24386,0.20732,0.19199,0.17894
7058.2,0.28462,0.24756,0.21221,0.19663,0.18331
7058.3,0.28473,0.25132,0.21701,0.20131,0.18768
7058.4,0.28275,0.25416,0.22163,0.20625,0.19158
7058.5,0.27841,0.25594,0.22616,0.21142,0.19527
7058.6,0.27346,0.25759,0.23018,0.21647,0.19897
7058.7,0.26792,0.25739,0.23364,0.22079,0.20259
7058.8,0.26059,0.25691,0.23656,0.22499,0.20606
7058.9,0.25231,0.25536,0.2384,0.22843,0.20953
7059,0.24403,0.25263,0.2397,0.23126,0.213
7059.1,0.23514,0.24977,0.24077,0.23396,0.21542
7059.2,0.22582,0.2448,0.24161,0.23587,0.21784
7059.3,0.21651,0.23953,0.24185,0.2376,0.22026
7059.4,0.20705,0.23398,0.24091,0.23808,0.22174
7059.5,0.19742,0.22811,0.23938,0.23754,0.22282
7059.6,0.18775,0.22221,0.23677,0.2367,0.22389
7059.7,0.17825,0.21378,0.23301,0.23411,0.22449
7059.8,0.16929,0.20501,0.22824,0.23138,0.22396
7059.9,0.16061,0.19601,0.22143,0.22772,0.22343
7060,0.15193,0.18675,0.21358,0.22328,0.2229
7060.1,0.14415,0.17748,0.20561,0.21815,0.22012
7060.2,0.13698,0.16889,0.1975,0.20935,0.21734
7060.3,0.12981,0.16039,0.18886,0.20061,0.21456
7060.4,0.12297,0.15187,0.17907,0.19226,0.20984
7060.5,0.11648,0.14332,0.16868,0.18424,0.20429
7060.6,0.11008,0.13477,0.15842,0.1761,0.19874
7060.7,0.10373,0.12778,0.14831,0.1672,0.19253
7060.8,0.097507,0.12103,0.13847,0.15832,0.18482
7060.9,0.091355,0.1142,0.12917,0.1496,0.1771
7061,0.085203,0.10726,0.12016,0.14103,0.16938
7061.1,0.080182,0.1003,0.11199,0.13253,0.1605
7061.2,0.075936,0.094778,0.10472,0.12441,0.15162
7061.3,0.07169,0.089464,0.097769,0.11638,0.14273
7061.4,0.067474,0.08437,0.091442,0.10894,0.13413
7061.5,0.063298,0.079511,0.08543,0.10196,0.12573
7061.6,0.059135,0.074688,0.080022,0.095229,0.11732
7061.7,0.055265,0.070704,0.075242,0.089827,0.10935
7061.8,0.052284,0.066832,0.070641,0.084441,0.10238
7061.9,0.049773,0.063168,0.06641,0.079167,0.09541
7062,0.047261,0.059739,0.062367,0.073989,0.088441
7062.1,0.045253,0.056338,0.05898,0.069116,0.082916
7062.2,0.043589,0.053571,0.056292,0.066006,0.077391
7062.3,0.041925,0.050899,0.053714,0.06295,0.071866
7062.4,0.040326,0.048284,0.051338,0.060073,0.067514
7062.5,0.0388,0.045729,0.049064,0.057345,0.063664
7062.6,0.037293,0.043182,0.0467,0.054598,0.059815
7062.7,0.035825,0.041195,0.044239,0.051737,0.05627
7062.8,0.034477,0.03929,0.042043,0.048929,0.053437
7062.9,0.033193,0.037708,0.040391,0.04649,0.050603
7063,0.031908,0.036488,0.039018,0.044366,0.04777
7063.1,0.030759,0.035311,0.03756,0.042324,0.045466
7063.2,0.029702,0.034102,0.036014,0.040717,0.043161
7063.3,0.028646,0.032888,0.034538,0.03914,0.040856
7063.4,0.027609,0.031712,0.033207,0.037765,0.039089
7063.5,0.026594,0.030582,0.031953,0.036571,0.037553
7063.6,0.025584,0.029457,0.030741,0.035347,0.036016
7063.7,0.024631,0.028337,0.029573,0.033953,0.034587
7063.8,0.023846,0.027219,0.028466,0.032588,0.033406
7063.9,0.023152,0.026102,0.027485,0.031424,0.032225
7064,0.022457,0.024986,0.026569,0.030432,0.031044
7064.1,0.021773,0.023869,0.025796,0.029445,0.029944
7064.2,0.021097,0.023401,0.025174,0.028493,0.028844
7064.3,0.02042,0.023018,0.024472,0.027562,0.027744
7064.4,0.019756,0.022547,0.023603,0.026767,0.02683
7064.5,0.019107,0.021976,0.022648,0.026087,0.025997
7064.6,0.018461,0.021393,0.021865,0.025487,0.025163
7064.7,0.017846,0.020686,0.021262,0.025341,0.024372
7064.8,0.017323,0.019962,0.020756,0.025135,0.023682
7064.9,0.016848,0.019506,0.020455,0.024504,0.022991
7065,0.016374,0.019371,0.020256,0.023493,0.0223
7065.1,0.015873,0.019263,0.019673,0.022518,0.021928
7065.2,0.015353,0.018438,0.018694,0.021733,0.021555
7065.3,0.014834,0.017518,0.017924,0.020992,0.021182
7065.4,0.014347,0.01691,0.017579,0.020544,0.020703
7065.5,0.013897,0.016649,0.017449,0.020342,0.020177
7065.6,0.013457,0.016429,0.017189,0.020086,0.019652
7065.7,0.013052,0.016025,0.016789,0.019522,0.019135
7065.8,0.012756,0.015594,0.016412,0.018974,0.018637
7065.9,0.012517,0.01517,0.016081,0.018561,0.018139
7066,0.012278,0.014751,0.015773,0.018259,0.017641
7066.1,0.01205,0.014334,0.015411,0.017918,0.017277
7066.2,0.011829,0.014111,0.014989,0.017353,0.016913
7066.3,0.011608,0.013916,0.01457,0.016807,0.016549
7066.4,0.01139,0.013635,0.014158,0.016408,0.016134
7066.5,0.011176,0.013255,0.013749,0.016137,0.015684
7066.6,0.010963,0.012866,0.013385,0.015908,0.015235
7066.7,0.010759,0.012635,0.013067,0.015908,0.014801
7066.8,0.010582,0.012426,0.01277,0.015866,0.014402
7066.9,0.010419,0.01214,0.012519,0.015547,0.014003
7067,0.010257,0.011763,0.012293,0.014977,0.013604
7067.1,0.010062,0.011375,0.012052,0.014453,0.013387
7067.2,0.0098437,0.011155,0.011797,0.014185,0.01317
7067.3,0.0096259,0.010959,0.011535,0.013921,0.012953
7067.4,0.0094591,0.010784,0.011256,0.013662,0.012664
7067.5,0.0093493,0.010633,0.01097,0.013409,0.012345
7067.6,0.0092545,0.010485,0.010748,0.013136,0.012026
7067.7,0.0091507,0.010325,0.010592,0.01275,0.011705
7067.8,0.00902,0.010164,0.010424,0.012378,0.011377
7067.9,0.008875,0.0099307,0.010229,0.012112,0.011048
7068,0.00873,0.0096147,0.010021,0.011938,0.01072
7068.1,0.0086014,0.0092888,0.0098163,0.011777,0.010497
7068.2,0.0084841,0.009199,0.0096162,0.011691,0.010274
7068.3,0.0083668,0.0091429,0.0094294,0.011589,0.010051
7068.4,0.0082333,0.0090235,0.0092709,0.011368,0.0098703
7068.5,0.0080817,0.0088267,0.0091275,0.011039,0.0097086
7068.6,0.0079254,0.0086221,0.0089936,0.010721,0.0095468
7068.7,0.0077689,0.0085588,0.0088694,0.010466,0.0094064
7068.8,0.0076119,0.0085144,0.0087206,0.010223,0.0093158
7068.9,0.0074545,0.0083627,0.0085205,0.010069,0.0092252
7069,0.0072972,0.0080875,0.0082938,0.0099898,0.0091346
7069.1,0.0071851,0.0077978,0.0081284,0.0098808,0.0090853
7069.2,0.0071039,0.0077416,0.0080285,0.0095972,0.009036
7069.3,0.0070228,0.0077212,0.0079403,0.0093123,0.0089867
7069.4,0.0069437,0.0076675,0.0078732,0.0090418,0.0088884
7069.5,0.0068669,0.0075752,0.0078171,0.0087836,0.008769
7069.6,0.0067906,0.0074784,0.00766,0.0085591,0.0086496
7069.7,0.0067057,0.0072554,0.0073949,0.0085285,0.0084812
7069.8,0.0065946,0.0070131,0.0071958,0.0084804,0.0081985
7069.9,0.0064696,0.0068436,0.0071383,0.0082868,0.0079157
7070,0.0063446,0.0067584,0.007153,0.0079677,0.007633
7070.1,0.006268,0.0066838,0.007067,0.0076853,0.0073814
7070.2,0.0062246,0.0066656,0.0068762,0.0076021,0.0071299
7070.3,0.0061813,0.006655,0.0066878,0.0075204,0.0068784
7070.4,0.0060896,0.0066233,0.006504,0.0074485,0.0067196
7070.5,0.0059441,0.0065694,0.0063225,0.0073845,0.0066006
7070.6,0.0057845,0.006513,0.0062381,0.0073133,0.0064815
7070.7,0.0056331,0.0063833,0.0062571,0.0072007,0.0063662
7070.8,0.0055068,0.0062427,0.0062135,0.0070888,0.0062597
7070.9,0.0053938,0.006055,0.0060355,0.0069858,0.0061532
7071,0.0052809,0.0058121,0.0057871,0.0068907,0.0060466
7071.1,0.0052102,0.0055626,0.0057236,0.0067884,0.0059808
7071.2,0.0051686,0.0056878,0.0058563,0.0066445,0.0059149
7071.3,0.005127,0.0058665,0.0058989,0.0065017,0.0058491
7071.4,0.0050917,0.0058833,0.0057491,0.0063697,0.0057955
7071.5,0.0050634,0.0057093,0.0054985,0.006247,0.0057473
7071.6,0.005037,0.0055128,0.0053578,0.0061173,0.005699
7071.7,0.0050067,0.0055485,0.0053335,0.0059473,0.005618
7071.8,0.0049648,0.0056174,0.0053042,0.0057963,0.005461
7071.9,0.0049167,0.0055635,0.0052616,0.005778,0.0053039
7072,0.0048686,0.00536,0.0052116,0.0058801,0.0051469
7072.1,0.0048993,0.0051402,0.0051235,0.0059216,0.0050383
7072.2,0.004984,0.0050695,0.0049958,0.0056336,0.0049297
7072.3,0.0050688,0.0050186,0.0048773,0.0053763,0.0048212
7072.4,0.0050376,0.0049726,0.0047779,0.0053262,0.0047103
7072.5,0.0048773,0.0049322,0.0046881,0.0054526,0.0045986
7072.6,0.004683,0.0048925,0.0046722,0.0055329,0.0044868
7072.7,0.0045057,0.0048788,0.0047352,0.0053481,0.0043862
7072.8,0.0043801,0.004869,0.004753,0.0051687,0.0043116
7072.9,0.0042818,0.0048793,0.0046766,0.0050519,0.0042369
7073,0.0041836,0.0049119,0.0045524,0.0049875,0.0041623
7073.1,0.0041125,0.0049471,0.0044089,0.0049378,0.0041484
7073.2,0.00406,0.0047886,0.0042447,0.0049726,0.0041345
7073.3,0.0040075,0.0046025,0.004131,0.0049983,0.0041206
7073.4,0.0040025,0.0044356,0.0041202,0.0049562,0.0041236
7073.5,0.0040503,0.0042904,0.0041616,0.0048573,0.0041339
7073.6,0.0041122,0.0041512,0.0042027,0.0047497,0.0041442
7073.7,0.0041572,0.0041793,0.0042433,0.0045973,0.0041393
7073.8,0.0041514,0.0042295,0.0042556,0.004445,0.0040991
7073.9,0.0041187,0.0042535,0.0042085,0.0042937,0.0040588
7074,0.004086,0.0042467,0.0041305,0.0041432,0.0040186
